Emotions,Path
neutral,ravdess\Actor_01\03-01-01-01-01-01-01.wav
neutral,ravdess\Actor_01\03-01-01-01-01-02-01.wav
neutral,ravdess\Actor_01\03-01-01-01-02-01-01.wav
neutral,ravdess\Actor_01\03-01-01-01-02-02-01.wav
happy,ravdess\Actor_01\03-01-03-01-01-01-01.wav
happy,ravdess\Actor_01\03-01-03-01-01-02-01.wav
happy,ravdess\Actor_01\03-01-03-01-02-01-01.wav
happy,ravdess\Actor_01\03-01-03-01-02-02-01.wav
happy,ravdess\Actor_01\03-01-03-02-01-01-01.wav
happy,ravdess\Actor_01\03-01-03-02-01-02-01.wav
happy,ravdess\Actor_01\03-01-03-02-02-01-01.wav
happy,ravdess\Actor_01\03-01-03-02-02-02-01.wav
sad,ravdess\Actor_01\03-01-04-01-01-01-01.wav
sad,ravdess\Actor_01\03-01-04-01-01-02-01.wav
sad,ravdess\Actor_01\03-01-04-01-02-01-01.wav
sad,ravdess\Actor_01\03-01-04-01-02-02-01.wav
sad,ravdess\Actor_01\03-01-04-02-01-01-01.wav
sad,ravdess\Actor_01\03-01-04-02-01-02-01.wav
sad,ravdess\Actor_01\03-01-04-02-02-01-01.wav
sad,ravdess\Actor_01\03-01-04-02-02-02-01.wav
angry,ravdess\Actor_01\03-01-05-01-01-01-01.wav
angry,ravdess\Actor_01\03-01-05-01-01-02-01.wav
angry,ravdess\Actor_01\03-01-05-01-02-01-01.wav
angry,ravdess\Actor_01\03-01-05-01-02-02-01.wav
angry,ravdess\Actor_01\03-01-05-02-01-01-01.wav
angry,ravdess\Actor_01\03-01-05-02-01-02-01.wav
angry,ravdess\Actor_01\03-01-05-02-02-01-01.wav
angry,ravdess\Actor_01\03-01-05-02-02-02-01.wav
fearful,ravdess\Actor_01\03-01-06-01-01-01-01.wav
fearful,ravdess\Actor_01\03-01-06-01-01-02-01.wav
fearful,ravdess\Actor_01\03-01-06-01-02-01-01.wav
fearful,ravdess\Actor_01\03-01-06-01-02-02-01.wav
fearful,ravdess\Actor_01\03-01-06-02-01-01-01.wav
fearful,ravdess\Actor_01\03-01-06-02-01-02-01.wav
fearful,ravdess\Actor_01\03-01-06-02-02-01-01.wav
fearful,ravdess\Actor_01\03-01-06-02-02-02-01.wav
disgust,ravdess\Actor_01\03-01-07-01-01-01-01.wav
disgust,ravdess\Actor_01\03-01-07-01-01-02-01.wav
disgust,ravdess\Actor_01\03-01-07-01-02-01-01.wav
disgust,ravdess\Actor_01\03-01-07-01-02-02-01.wav
disgust,ravdess\Actor_01\03-01-07-02-01-01-01.wav
disgust,ravdess\Actor_01\03-01-07-02-01-02-01.wav
disgust,ravdess\Actor_01\03-01-07-02-02-01-01.wav
disgust,ravdess\Actor_01\03-01-07-02-02-02-01.wav
surprised,ravdess\Actor_01\03-01-08-01-01-01-01.wav
surprised,ravdess\Actor_01\03-01-08-01-01-02-01.wav
surprised,ravdess\Actor_01\03-01-08-01-02-01-01.wav
surprised,ravdess\Actor_01\03-01-08-01-02-02-01.wav
surprised,ravdess\Actor_01\03-01-08-02-01-01-01.wav
surprised,ravdess\Actor_01\03-01-08-02-01-02-01.wav
surprised,ravdess\Actor_01\03-01-08-02-02-01-01.wav
surprised,ravdess\Actor_01\03-01-08-02-02-02-01.wav
neutral,ravdess\Actor_02\03-01-01-01-01-01-02.wav
neutral,ravdess\Actor_02\03-01-01-01-01-02-02.wav
neutral,ravdess\Actor_02\03-01-01-01-02-01-02.wav
neutral,ravdess\Actor_02\03-01-01-01-02-02-02.wav
happy,ravdess\Actor_02\03-01-03-01-01-01-02.wav
happy,ravdess\Actor_02\03-01-03-01-01-02-02.wav
happy,ravdess\Actor_02\03-01-03-01-02-01-02.wav
happy,ravdess\Actor_02\03-01-03-01-02-02-02.wav
happy,ravdess\Actor_02\03-01-03-02-01-01-02.wav
happy,ravdess\Actor_02\03-01-03-02-01-02-02.wav
happy,ravdess\Actor_02\03-01-03-02-02-01-02.wav
happy,ravdess\Actor_02\03-01-03-02-02-02-02.wav
sad,ravdess\Actor_02\03-01-04-01-01-01-02.wav
sad,ravdess\Actor_02\03-01-04-01-01-02-02.wav
sad,ravdess\Actor_02\03-01-04-01-02-01-02.wav
sad,ravdess\Actor_02\03-01-04-01-02-02-02.wav
sad,ravdess\Actor_02\03-01-04-02-01-01-02.wav
sad,ravdess\Actor_02\03-01-04-02-01-02-02.wav
sad,ravdess\Actor_02\03-01-04-02-02-01-02.wav
sad,ravdess\Actor_02\03-01-04-02-02-02-02.wav
angry,ravdess\Actor_02\03-01-05-01-01-01-02.wav
angry,ravdess\Actor_02\03-01-05-01-01-02-02.wav
angry,ravdess\Actor_02\03-01-05-01-02-01-02.wav
angry,ravdess\Actor_02\03-01-05-01-02-02-02.wav
angry,ravdess\Actor_02\03-01-05-02-01-01-02.wav
angry,ravdess\Actor_02\03-01-05-02-01-02-02.wav
angry,ravdess\Actor_02\03-01-05-02-02-01-02.wav
angry,ravdess\Actor_02\03-01-05-02-02-02-02.wav
fearful,ravdess\Actor_02\03-01-06-01-01-01-02.wav
fearful,ravdess\Actor_02\03-01-06-01-01-02-02.wav
fearful,ravdess\Actor_02\03-01-06-01-02-01-02.wav
fearful,ravdess\Actor_02\03-01-06-01-02-02-02.wav
fearful,ravdess\Actor_02\03-01-06-02-01-01-02.wav
fearful,ravdess\Actor_02\03-01-06-02-01-02-02.wav
fearful,ravdess\Actor_02\03-01-06-02-02-01-02.wav
fearful,ravdess\Actor_02\03-01-06-02-02-02-02.wav
disgust,ravdess\Actor_02\03-01-07-01-01-01-02.wav
disgust,ravdess\Actor_02\03-01-07-01-01-02-02.wav
disgust,ravdess\Actor_02\03-01-07-01-02-01-02.wav
disgust,ravdess\Actor_02\03-01-07-01-02-02-02.wav
disgust,ravdess\Actor_02\03-01-07-02-01-01-02.wav
disgust,ravdess\Actor_02\03-01-07-02-01-02-02.wav
disgust,ravdess\Actor_02\03-01-07-02-02-01-02.wav
disgust,ravdess\Actor_02\03-01-07-02-02-02-02.wav
surprised,ravdess\Actor_02\03-01-08-01-01-01-02.wav
surprised,ravdess\Actor_02\03-01-08-01-01-02-02.wav
surprised,ravdess\Actor_02\03-01-08-01-02-01-02.wav
surprised,ravdess\Actor_02\03-01-08-01-02-02-02.wav
surprised,ravdess\Actor_02\03-01-08-02-01-01-02.wav
surprised,ravdess\Actor_02\03-01-08-02-01-02-02.wav
surprised,ravdess\Actor_02\03-01-08-02-02-01-02.wav
surprised,ravdess\Actor_02\03-01-08-02-02-02-02.wav
neutral,ravdess\Actor_03\03-01-01-01-01-01-03.wav
neutral,ravdess\Actor_03\03-01-01-01-01-02-03.wav
neutral,ravdess\Actor_03\03-01-01-01-02-01-03.wav
neutral,ravdess\Actor_03\03-01-01-01-02-02-03.wav
happy,ravdess\Actor_03\03-01-03-01-01-01-03.wav
happy,ravdess\Actor_03\03-01-03-01-01-02-03.wav
happy,ravdess\Actor_03\03-01-03-01-02-01-03.wav
happy,ravdess\Actor_03\03-01-03-01-02-02-03.wav
happy,ravdess\Actor_03\03-01-03-02-01-01-03.wav
happy,ravdess\Actor_03\03-01-03-02-01-02-03.wav
happy,ravdess\Actor_03\03-01-03-02-02-01-03.wav
happy,ravdess\Actor_03\03-01-03-02-02-02-03.wav
sad,ravdess\Actor_03\03-01-04-01-01-01-03.wav
sad,ravdess\Actor_03\03-01-04-01-01-02-03.wav
sad,ravdess\Actor_03\03-01-04-01-02-01-03.wav
sad,ravdess\Actor_03\03-01-04-01-02-02-03.wav
sad,ravdess\Actor_03\03-01-04-02-01-01-03.wav
sad,ravdess\Actor_03\03-01-04-02-01-02-03.wav
sad,ravdess\Actor_03\03-01-04-02-02-01-03.wav
sad,ravdess\Actor_03\03-01-04-02-02-02-03.wav
angry,ravdess\Actor_03\03-01-05-01-01-01-03.wav
angry,ravdess\Actor_03\03-01-05-01-01-02-03.wav
angry,ravdess\Actor_03\03-01-05-01-02-01-03.wav
angry,ravdess\Actor_03\03-01-05-01-02-02-03.wav
angry,ravdess\Actor_03\03-01-05-02-01-01-03.wav
angry,ravdess\Actor_03\03-01-05-02-01-02-03.wav
angry,ravdess\Actor_03\03-01-05-02-02-01-03.wav
angry,ravdess\Actor_03\03-01-05-02-02-02-03.wav
fearful,ravdess\Actor_03\03-01-06-01-01-01-03.wav
fearful,ravdess\Actor_03\03-01-06-01-01-02-03.wav
fearful,ravdess\Actor_03\03-01-06-01-02-01-03.wav
fearful,ravdess\Actor_03\03-01-06-01-02-02-03.wav
fearful,ravdess\Actor_03\03-01-06-02-01-01-03.wav
fearful,ravdess\Actor_03\03-01-06-02-01-02-03.wav
fearful,ravdess\Actor_03\03-01-06-02-02-01-03.wav
fearful,ravdess\Actor_03\03-01-06-02-02-02-03.wav
disgust,ravdess\Actor_03\03-01-07-01-01-01-03.wav
disgust,ravdess\Actor_03\03-01-07-01-01-02-03.wav
disgust,ravdess\Actor_03\03-01-07-01-02-01-03.wav
disgust,ravdess\Actor_03\03-01-07-01-02-02-03.wav
disgust,ravdess\Actor_03\03-01-07-02-01-01-03.wav
disgust,ravdess\Actor_03\03-01-07-02-01-02-03.wav
disgust,ravdess\Actor_03\03-01-07-02-02-01-03.wav
disgust,ravdess\Actor_03\03-01-07-02-02-02-03.wav
surprised,ravdess\Actor_03\03-01-08-01-01-01-03.wav
surprised,ravdess\Actor_03\03-01-08-01-01-02-03.wav
surprised,ravdess\Actor_03\03-01-08-01-02-01-03.wav
surprised,ravdess\Actor_03\03-01-08-01-02-02-03.wav
surprised,ravdess\Actor_03\03-01-08-02-01-01-03.wav
surprised,ravdess\Actor_03\03-01-08-02-01-02-03.wav
surprised,ravdess\Actor_03\03-01-08-02-02-01-03.wav
surprised,ravdess\Actor_03\03-01-08-02-02-02-03.wav
neutral,ravdess\Actor_04\03-01-01-01-01-01-04.wav
neutral,ravdess\Actor_04\03-01-01-01-01-02-04.wav
neutral,ravdess\Actor_04\03-01-01-01-02-01-04.wav
neutral,ravdess\Actor_04\03-01-01-01-02-02-04.wav
happy,ravdess\Actor_04\03-01-03-01-01-01-04.wav
happy,ravdess\Actor_04\03-01-03-01-01-02-04.wav
happy,ravdess\Actor_04\03-01-03-01-02-01-04.wav
happy,ravdess\Actor_04\03-01-03-01-02-02-04.wav
happy,ravdess\Actor_04\03-01-03-02-01-01-04.wav
happy,ravdess\Actor_04\03-01-03-02-01-02-04.wav
happy,ravdess\Actor_04\03-01-03-02-02-01-04.wav
happy,ravdess\Actor_04\03-01-03-02-02-02-04.wav
sad,ravdess\Actor_04\03-01-04-01-01-01-04.wav
sad,ravdess\Actor_04\03-01-04-01-01-02-04.wav
sad,ravdess\Actor_04\03-01-04-01-02-01-04.wav
sad,ravdess\Actor_04\03-01-04-01-02-02-04.wav
sad,ravdess\Actor_04\03-01-04-02-01-01-04.wav
sad,ravdess\Actor_04\03-01-04-02-01-02-04.wav
sad,ravdess\Actor_04\03-01-04-02-02-01-04.wav
sad,ravdess\Actor_04\03-01-04-02-02-02-04.wav
angry,ravdess\Actor_04\03-01-05-01-01-01-04.wav
angry,ravdess\Actor_04\03-01-05-01-01-02-04.wav
angry,ravdess\Actor_04\03-01-05-01-02-01-04.wav
angry,ravdess\Actor_04\03-01-05-01-02-02-04.wav
angry,ravdess\Actor_04\03-01-05-02-01-01-04.wav
angry,ravdess\Actor_04\03-01-05-02-01-02-04.wav
angry,ravdess\Actor_04\03-01-05-02-02-01-04.wav
angry,ravdess\Actor_04\03-01-05-02-02-02-04.wav
fearful,ravdess\Actor_04\03-01-06-01-01-01-04.wav
fearful,ravdess\Actor_04\03-01-06-01-01-02-04.wav
fearful,ravdess\Actor_04\03-01-06-01-02-01-04.wav
fearful,ravdess\Actor_04\03-01-06-01-02-02-04.wav
fearful,ravdess\Actor_04\03-01-06-02-01-01-04.wav
fearful,ravdess\Actor_04\03-01-06-02-01-02-04.wav
fearful,ravdess\Actor_04\03-01-06-02-02-01-04.wav
fearful,ravdess\Actor_04\03-01-06-02-02-02-04.wav
disgust,ravdess\Actor_04\03-01-07-01-01-01-04.wav
disgust,ravdess\Actor_04\03-01-07-01-01-02-04.wav
disgust,ravdess\Actor_04\03-01-07-01-02-01-04.wav
disgust,ravdess\Actor_04\03-01-07-01-02-02-04.wav
disgust,ravdess\Actor_04\03-01-07-02-01-01-04.wav
disgust,ravdess\Actor_04\03-01-07-02-01-02-04.wav
disgust,ravdess\Actor_04\03-01-07-02-02-01-04.wav
disgust,ravdess\Actor_04\03-01-07-02-02-02-04.wav
surprised,ravdess\Actor_04\03-01-08-01-01-01-04.wav
surprised,ravdess\Actor_04\03-01-08-01-01-02-04.wav
surprised,ravdess\Actor_04\03-01-08-01-02-01-04.wav
surprised,ravdess\Actor_04\03-01-08-01-02-02-04.wav
surprised,ravdess\Actor_04\03-01-08-02-01-01-04.wav
surprised,ravdess\Actor_04\03-01-08-02-01-02-04.wav
surprised,ravdess\Actor_04\03-01-08-02-02-01-04.wav
surprised,ravdess\Actor_04\03-01-08-02-02-02-04.wav
neutral,ravdess\Actor_05\03-01-01-01-01-01-05.wav
neutral,ravdess\Actor_05\03-01-01-01-01-02-05.wav
neutral,ravdess\Actor_05\03-01-01-01-02-01-05.wav
neutral,ravdess\Actor_05\03-01-01-01-02-02-05.wav
happy,ravdess\Actor_05\03-01-03-01-01-01-05.wav
happy,ravdess\Actor_05\03-01-03-01-01-02-05.wav
happy,ravdess\Actor_05\03-01-03-01-02-01-05.wav
happy,ravdess\Actor_05\03-01-03-01-02-02-05.wav
happy,ravdess\Actor_05\03-01-03-02-01-01-05.wav
happy,ravdess\Actor_05\03-01-03-02-01-02-05.wav
happy,ravdess\Actor_05\03-01-03-02-02-01-05.wav
happy,ravdess\Actor_05\03-01-03-02-02-02-05.wav
sad,ravdess\Actor_05\03-01-04-01-01-01-05.wav
sad,ravdess\Actor_05\03-01-04-01-01-02-05.wav
sad,ravdess\Actor_05\03-01-04-01-02-01-05.wav
sad,ravdess\Actor_05\03-01-04-01-02-02-05.wav
sad,ravdess\Actor_05\03-01-04-02-01-01-05.wav
sad,ravdess\Actor_05\03-01-04-02-01-02-05.wav
sad,ravdess\Actor_05\03-01-04-02-02-01-05.wav
sad,ravdess\Actor_05\03-01-04-02-02-02-05.wav
angry,ravdess\Actor_05\03-01-05-01-01-01-05.wav
angry,ravdess\Actor_05\03-01-05-01-01-02-05.wav
angry,ravdess\Actor_05\03-01-05-01-02-01-05.wav
angry,ravdess\Actor_05\03-01-05-01-02-02-05.wav
angry,ravdess\Actor_05\03-01-05-02-01-01-05.wav
angry,ravdess\Actor_05\03-01-05-02-01-02-05.wav
angry,ravdess\Actor_05\03-01-05-02-02-01-05.wav
angry,ravdess\Actor_05\03-01-05-02-02-02-05.wav
fearful,ravdess\Actor_05\03-01-06-01-01-01-05.wav
fearful,ravdess\Actor_05\03-01-06-01-01-02-05.wav
fearful,ravdess\Actor_05\03-01-06-01-02-01-05.wav
fearful,ravdess\Actor_05\03-01-06-01-02-02-05.wav
fearful,ravdess\Actor_05\03-01-06-02-01-01-05.wav
fearful,ravdess\Actor_05\03-01-06-02-01-02-05.wav
fearful,ravdess\Actor_05\03-01-06-02-02-01-05.wav
fearful,ravdess\Actor_05\03-01-06-02-02-02-05.wav
disgust,ravdess\Actor_05\03-01-07-01-01-01-05.wav
disgust,ravdess\Actor_05\03-01-07-01-01-02-05.wav
disgust,ravdess\Actor_05\03-01-07-01-02-01-05.wav
disgust,ravdess\Actor_05\03-01-07-01-02-02-05.wav
disgust,ravdess\Actor_05\03-01-07-02-01-01-05.wav
disgust,ravdess\Actor_05\03-01-07-02-01-02-05.wav
disgust,ravdess\Actor_05\03-01-07-02-02-01-05.wav
disgust,ravdess\Actor_05\03-01-07-02-02-02-05.wav
surprised,ravdess\Actor_05\03-01-08-01-01-01-05.wav
surprised,ravdess\Actor_05\03-01-08-01-01-02-05.wav
surprised,ravdess\Actor_05\03-01-08-01-02-01-05.wav
surprised,ravdess\Actor_05\03-01-08-01-02-02-05.wav
surprised,ravdess\Actor_05\03-01-08-02-01-01-05.wav
surprised,ravdess\Actor_05\03-01-08-02-01-02-05.wav
surprised,ravdess\Actor_05\03-01-08-02-02-01-05.wav
surprised,ravdess\Actor_05\03-01-08-02-02-02-05.wav
neutral,ravdess\Actor_06\03-01-01-01-01-01-06.wav
neutral,ravdess\Actor_06\03-01-01-01-01-02-06.wav
neutral,ravdess\Actor_06\03-01-01-01-02-01-06.wav
neutral,ravdess\Actor_06\03-01-01-01-02-02-06.wav
happy,ravdess\Actor_06\03-01-03-01-01-01-06.wav
happy,ravdess\Actor_06\03-01-03-01-01-02-06.wav
happy,ravdess\Actor_06\03-01-03-01-02-01-06.wav
happy,ravdess\Actor_06\03-01-03-01-02-02-06.wav
happy,ravdess\Actor_06\03-01-03-02-01-01-06.wav
happy,ravdess\Actor_06\03-01-03-02-01-02-06.wav
happy,ravdess\Actor_06\03-01-03-02-02-01-06.wav
happy,ravdess\Actor_06\03-01-03-02-02-02-06.wav
sad,ravdess\Actor_06\03-01-04-01-01-01-06.wav
sad,ravdess\Actor_06\03-01-04-01-01-02-06.wav
sad,ravdess\Actor_06\03-01-04-01-02-01-06.wav
sad,ravdess\Actor_06\03-01-04-01-02-02-06.wav
sad,ravdess\Actor_06\03-01-04-02-01-01-06.wav
sad,ravdess\Actor_06\03-01-04-02-01-02-06.wav
sad,ravdess\Actor_06\03-01-04-02-02-01-06.wav
sad,ravdess\Actor_06\03-01-04-02-02-02-06.wav
angry,ravdess\Actor_06\03-01-05-01-01-01-06.wav
angry,ravdess\Actor_06\03-01-05-01-01-02-06.wav
angry,ravdess\Actor_06\03-01-05-01-02-01-06.wav
angry,ravdess\Actor_06\03-01-05-01-02-02-06.wav
angry,ravdess\Actor_06\03-01-05-02-01-01-06.wav
angry,ravdess\Actor_06\03-01-05-02-01-02-06.wav
angry,ravdess\Actor_06\03-01-05-02-02-01-06.wav
angry,ravdess\Actor_06\03-01-05-02-02-02-06.wav
fearful,ravdess\Actor_06\03-01-06-01-01-01-06.wav
fearful,ravdess\Actor_06\03-01-06-01-01-02-06.wav
fearful,ravdess\Actor_06\03-01-06-01-02-01-06.wav
fearful,ravdess\Actor_06\03-01-06-01-02-02-06.wav
fearful,ravdess\Actor_06\03-01-06-02-01-01-06.wav
fearful,ravdess\Actor_06\03-01-06-02-01-02-06.wav
fearful,ravdess\Actor_06\03-01-06-02-02-01-06.wav
fearful,ravdess\Actor_06\03-01-06-02-02-02-06.wav
disgust,ravdess\Actor_06\03-01-07-01-01-01-06.wav
disgust,ravdess\Actor_06\03-01-07-01-01-02-06.wav
disgust,ravdess\Actor_06\03-01-07-01-02-01-06.wav
disgust,ravdess\Actor_06\03-01-07-01-02-02-06.wav
disgust,ravdess\Actor_06\03-01-07-02-01-01-06.wav
disgust,ravdess\Actor_06\03-01-07-02-01-02-06.wav
disgust,ravdess\Actor_06\03-01-07-02-02-01-06.wav
disgust,ravdess\Actor_06\03-01-07-02-02-02-06.wav
surprised,ravdess\Actor_06\03-01-08-01-01-01-06.wav
surprised,ravdess\Actor_06\03-01-08-01-01-02-06.wav
surprised,ravdess\Actor_06\03-01-08-01-02-01-06.wav
surprised,ravdess\Actor_06\03-01-08-01-02-02-06.wav
surprised,ravdess\Actor_06\03-01-08-02-01-01-06.wav
surprised,ravdess\Actor_06\03-01-08-02-01-02-06.wav
surprised,ravdess\Actor_06\03-01-08-02-02-01-06.wav
surprised,ravdess\Actor_06\03-01-08-02-02-02-06.wav
neutral,ravdess\Actor_07\03-01-01-01-01-01-07.wav
neutral,ravdess\Actor_07\03-01-01-01-01-02-07.wav
neutral,ravdess\Actor_07\03-01-01-01-02-01-07.wav
neutral,ravdess\Actor_07\03-01-01-01-02-02-07.wav
happy,ravdess\Actor_07\03-01-03-01-01-01-07.wav
happy,ravdess\Actor_07\03-01-03-01-01-02-07.wav
happy,ravdess\Actor_07\03-01-03-01-02-01-07.wav
happy,ravdess\Actor_07\03-01-03-01-02-02-07.wav
happy,ravdess\Actor_07\03-01-03-02-01-01-07.wav
happy,ravdess\Actor_07\03-01-03-02-01-02-07.wav
happy,ravdess\Actor_07\03-01-03-02-02-01-07.wav
happy,ravdess\Actor_07\03-01-03-02-02-02-07.wav
sad,ravdess\Actor_07\03-01-04-01-01-01-07.wav
sad,ravdess\Actor_07\03-01-04-01-01-02-07.wav
sad,ravdess\Actor_07\03-01-04-01-02-01-07.wav
sad,ravdess\Actor_07\03-01-04-01-02-02-07.wav
sad,ravdess\Actor_07\03-01-04-02-01-01-07.wav
sad,ravdess\Actor_07\03-01-04-02-01-02-07.wav
sad,ravdess\Actor_07\03-01-04-02-02-01-07.wav
sad,ravdess\Actor_07\03-01-04-02-02-02-07.wav
angry,ravdess\Actor_07\03-01-05-01-01-01-07.wav
angry,ravdess\Actor_07\03-01-05-01-01-02-07.wav
angry,ravdess\Actor_07\03-01-05-01-02-01-07.wav
angry,ravdess\Actor_07\03-01-05-01-02-02-07.wav
angry,ravdess\Actor_07\03-01-05-02-01-01-07.wav
angry,ravdess\Actor_07\03-01-05-02-01-02-07.wav
angry,ravdess\Actor_07\03-01-05-02-02-01-07.wav
angry,ravdess\Actor_07\03-01-05-02-02-02-07.wav
fearful,ravdess\Actor_07\03-01-06-01-01-01-07.wav
fearful,ravdess\Actor_07\03-01-06-01-01-02-07.wav
fearful,ravdess\Actor_07\03-01-06-01-02-01-07.wav
fearful,ravdess\Actor_07\03-01-06-01-02-02-07.wav
fearful,ravdess\Actor_07\03-01-06-02-01-01-07.wav
fearful,ravdess\Actor_07\03-01-06-02-01-02-07.wav
fearful,ravdess\Actor_07\03-01-06-02-02-01-07.wav
fearful,ravdess\Actor_07\03-01-06-02-02-02-07.wav
disgust,ravdess\Actor_07\03-01-07-01-01-01-07.wav
disgust,ravdess\Actor_07\03-01-07-01-01-02-07.wav
disgust,ravdess\Actor_07\03-01-07-01-02-01-07.wav
disgust,ravdess\Actor_07\03-01-07-01-02-02-07.wav
disgust,ravdess\Actor_07\03-01-07-02-01-01-07.wav
disgust,ravdess\Actor_07\03-01-07-02-01-02-07.wav
disgust,ravdess\Actor_07\03-01-07-02-02-01-07.wav
disgust,ravdess\Actor_07\03-01-07-02-02-02-07.wav
surprised,ravdess\Actor_07\03-01-08-01-01-01-07.wav
surprised,ravdess\Actor_07\03-01-08-01-01-02-07.wav
surprised,ravdess\Actor_07\03-01-08-01-02-01-07.wav
surprised,ravdess\Actor_07\03-01-08-01-02-02-07.wav
surprised,ravdess\Actor_07\03-01-08-02-01-01-07.wav
surprised,ravdess\Actor_07\03-01-08-02-01-02-07.wav
surprised,ravdess\Actor_07\03-01-08-02-02-01-07.wav
surprised,ravdess\Actor_07\03-01-08-02-02-02-07.wav
neutral,ravdess\Actor_08\03-01-01-01-01-01-08.wav
neutral,ravdess\Actor_08\03-01-01-01-01-02-08.wav
neutral,ravdess\Actor_08\03-01-01-01-02-01-08.wav
neutral,ravdess\Actor_08\03-01-01-01-02-02-08.wav
happy,ravdess\Actor_08\03-01-03-01-01-01-08.wav
happy,ravdess\Actor_08\03-01-03-01-01-02-08.wav
happy,ravdess\Actor_08\03-01-03-01-02-01-08.wav
happy,ravdess\Actor_08\03-01-03-01-02-02-08.wav
happy,ravdess\Actor_08\03-01-03-02-01-01-08.wav
happy,ravdess\Actor_08\03-01-03-02-01-02-08.wav
happy,ravdess\Actor_08\03-01-03-02-02-01-08.wav
happy,ravdess\Actor_08\03-01-03-02-02-02-08.wav
sad,ravdess\Actor_08\03-01-04-01-01-01-08.wav
sad,ravdess\Actor_08\03-01-04-01-01-02-08.wav
sad,ravdess\Actor_08\03-01-04-01-02-01-08.wav
sad,ravdess\Actor_08\03-01-04-01-02-02-08.wav
sad,ravdess\Actor_08\03-01-04-02-01-01-08.wav
sad,ravdess\Actor_08\03-01-04-02-01-02-08.wav
sad,ravdess\Actor_08\03-01-04-02-02-01-08.wav
sad,ravdess\Actor_08\03-01-04-02-02-02-08.wav
angry,ravdess\Actor_08\03-01-05-01-01-01-08.wav
angry,ravdess\Actor_08\03-01-05-01-01-02-08.wav
angry,ravdess\Actor_08\03-01-05-01-02-01-08.wav
angry,ravdess\Actor_08\03-01-05-01-02-02-08.wav
angry,ravdess\Actor_08\03-01-05-02-01-01-08.wav
angry,ravdess\Actor_08\03-01-05-02-01-02-08.wav
angry,ravdess\Actor_08\03-01-05-02-02-01-08.wav
angry,ravdess\Actor_08\03-01-05-02-02-02-08.wav
fearful,ravdess\Actor_08\03-01-06-01-01-01-08.wav
fearful,ravdess\Actor_08\03-01-06-01-01-02-08.wav
fearful,ravdess\Actor_08\03-01-06-01-02-01-08.wav
fearful,ravdess\Actor_08\03-01-06-01-02-02-08.wav
fearful,ravdess\Actor_08\03-01-06-02-01-01-08.wav
fearful,ravdess\Actor_08\03-01-06-02-01-02-08.wav
fearful,ravdess\Actor_08\03-01-06-02-02-01-08.wav
fearful,ravdess\Actor_08\03-01-06-02-02-02-08.wav
disgust,ravdess\Actor_08\03-01-07-01-01-01-08.wav
disgust,ravdess\Actor_08\03-01-07-01-01-02-08.wav
disgust,ravdess\Actor_08\03-01-07-01-02-01-08.wav
disgust,ravdess\Actor_08\03-01-07-01-02-02-08.wav
disgust,ravdess\Actor_08\03-01-07-02-01-01-08.wav
disgust,ravdess\Actor_08\03-01-07-02-01-02-08.wav
disgust,ravdess\Actor_08\03-01-07-02-02-01-08.wav
disgust,ravdess\Actor_08\03-01-07-02-02-02-08.wav
surprised,ravdess\Actor_08\03-01-08-01-01-01-08.wav
surprised,ravdess\Actor_08\03-01-08-01-01-02-08.wav
surprised,ravdess\Actor_08\03-01-08-01-02-01-08.wav
surprised,ravdess\Actor_08\03-01-08-01-02-02-08.wav
surprised,ravdess\Actor_08\03-01-08-02-01-01-08.wav
surprised,ravdess\Actor_08\03-01-08-02-01-02-08.wav
surprised,ravdess\Actor_08\03-01-08-02-02-01-08.wav
surprised,ravdess\Actor_08\03-01-08-02-02-02-08.wav
neutral,ravdess\Actor_09\03-01-01-01-01-01-09.wav
neutral,ravdess\Actor_09\03-01-01-01-01-02-09.wav
neutral,ravdess\Actor_09\03-01-01-01-02-01-09.wav
neutral,ravdess\Actor_09\03-01-01-01-02-02-09.wav
happy,ravdess\Actor_09\03-01-03-01-01-01-09.wav
happy,ravdess\Actor_09\03-01-03-01-01-02-09.wav
happy,ravdess\Actor_09\03-01-03-01-02-01-09.wav
happy,ravdess\Actor_09\03-01-03-01-02-02-09.wav
happy,ravdess\Actor_09\03-01-03-02-01-01-09.wav
happy,ravdess\Actor_09\03-01-03-02-01-02-09.wav
happy,ravdess\Actor_09\03-01-03-02-02-01-09.wav
happy,ravdess\Actor_09\03-01-03-02-02-02-09.wav
sad,ravdess\Actor_09\03-01-04-01-01-01-09.wav
sad,ravdess\Actor_09\03-01-04-01-01-02-09.wav
sad,ravdess\Actor_09\03-01-04-01-02-01-09.wav
sad,ravdess\Actor_09\03-01-04-01-02-02-09.wav
sad,ravdess\Actor_09\03-01-04-02-01-01-09.wav
sad,ravdess\Actor_09\03-01-04-02-01-02-09.wav
sad,ravdess\Actor_09\03-01-04-02-02-01-09.wav
sad,ravdess\Actor_09\03-01-04-02-02-02-09.wav
angry,ravdess\Actor_09\03-01-05-01-01-01-09.wav
angry,ravdess\Actor_09\03-01-05-01-01-02-09.wav
angry,ravdess\Actor_09\03-01-05-01-02-01-09.wav
angry,ravdess\Actor_09\03-01-05-01-02-02-09.wav
angry,ravdess\Actor_09\03-01-05-02-01-01-09.wav
angry,ravdess\Actor_09\03-01-05-02-01-02-09.wav
angry,ravdess\Actor_09\03-01-05-02-02-01-09.wav
angry,ravdess\Actor_09\03-01-05-02-02-02-09.wav
fearful,ravdess\Actor_09\03-01-06-01-01-01-09.wav
fearful,ravdess\Actor_09\03-01-06-01-01-02-09.wav
fearful,ravdess\Actor_09\03-01-06-01-02-01-09.wav
fearful,ravdess\Actor_09\03-01-06-01-02-02-09.wav
fearful,ravdess\Actor_09\03-01-06-02-01-01-09.wav
fearful,ravdess\Actor_09\03-01-06-02-01-02-09.wav
fearful,ravdess\Actor_09\03-01-06-02-02-01-09.wav
fearful,ravdess\Actor_09\03-01-06-02-02-02-09.wav
disgust,ravdess\Actor_09\03-01-07-01-01-01-09.wav
disgust,ravdess\Actor_09\03-01-07-01-01-02-09.wav
disgust,ravdess\Actor_09\03-01-07-01-02-01-09.wav
disgust,ravdess\Actor_09\03-01-07-01-02-02-09.wav
disgust,ravdess\Actor_09\03-01-07-02-01-01-09.wav
disgust,ravdess\Actor_09\03-01-07-02-01-02-09.wav
disgust,ravdess\Actor_09\03-01-07-02-02-01-09.wav
disgust,ravdess\Actor_09\03-01-07-02-02-02-09.wav
surprised,ravdess\Actor_09\03-01-08-01-01-01-09.wav
surprised,ravdess\Actor_09\03-01-08-01-01-02-09.wav
surprised,ravdess\Actor_09\03-01-08-01-02-01-09.wav
surprised,ravdess\Actor_09\03-01-08-01-02-02-09.wav
surprised,ravdess\Actor_09\03-01-08-02-01-01-09.wav
surprised,ravdess\Actor_09\03-01-08-02-01-02-09.wav
surprised,ravdess\Actor_09\03-01-08-02-02-01-09.wav
surprised,ravdess\Actor_09\03-01-08-02-02-02-09.wav
neutral,ravdess\Actor_10\03-01-01-01-01-01-10.wav
neutral,ravdess\Actor_10\03-01-01-01-01-02-10.wav
neutral,ravdess\Actor_10\03-01-01-01-02-01-10.wav
neutral,ravdess\Actor_10\03-01-01-01-02-02-10.wav
happy,ravdess\Actor_10\03-01-03-01-01-01-10.wav
happy,ravdess\Actor_10\03-01-03-01-01-02-10.wav
happy,ravdess\Actor_10\03-01-03-01-02-01-10.wav
happy,ravdess\Actor_10\03-01-03-01-02-02-10.wav
happy,ravdess\Actor_10\03-01-03-02-01-01-10.wav
happy,ravdess\Actor_10\03-01-03-02-01-02-10.wav
happy,ravdess\Actor_10\03-01-03-02-02-01-10.wav
happy,ravdess\Actor_10\03-01-03-02-02-02-10.wav
sad,ravdess\Actor_10\03-01-04-01-01-01-10.wav
sad,ravdess\Actor_10\03-01-04-01-01-02-10.wav
sad,ravdess\Actor_10\03-01-04-01-02-01-10.wav
sad,ravdess\Actor_10\03-01-04-01-02-02-10.wav
sad,ravdess\Actor_10\03-01-04-02-01-01-10.wav
sad,ravdess\Actor_10\03-01-04-02-01-02-10.wav
sad,ravdess\Actor_10\03-01-04-02-02-01-10.wav
sad,ravdess\Actor_10\03-01-04-02-02-02-10.wav
angry,ravdess\Actor_10\03-01-05-01-01-01-10.wav
angry,ravdess\Actor_10\03-01-05-01-01-02-10.wav
angry,ravdess\Actor_10\03-01-05-01-02-01-10.wav
angry,ravdess\Actor_10\03-01-05-01-02-02-10.wav
angry,ravdess\Actor_10\03-01-05-02-01-01-10.wav
angry,ravdess\Actor_10\03-01-05-02-01-02-10.wav
angry,ravdess\Actor_10\03-01-05-02-02-01-10.wav
angry,ravdess\Actor_10\03-01-05-02-02-02-10.wav
fearful,ravdess\Actor_10\03-01-06-01-01-01-10.wav
fearful,ravdess\Actor_10\03-01-06-01-01-02-10.wav
fearful,ravdess\Actor_10\03-01-06-01-02-01-10.wav
fearful,ravdess\Actor_10\03-01-06-01-02-02-10.wav
fearful,ravdess\Actor_10\03-01-06-02-01-01-10.wav
fearful,ravdess\Actor_10\03-01-06-02-01-02-10.wav
fearful,ravdess\Actor_10\03-01-06-02-02-01-10.wav
fearful,ravdess\Actor_10\03-01-06-02-02-02-10.wav
disgust,ravdess\Actor_10\03-01-07-01-01-01-10.wav
disgust,ravdess\Actor_10\03-01-07-01-01-02-10.wav
disgust,ravdess\Actor_10\03-01-07-01-02-01-10.wav
disgust,ravdess\Actor_10\03-01-07-01-02-02-10.wav
disgust,ravdess\Actor_10\03-01-07-02-01-01-10.wav
disgust,ravdess\Actor_10\03-01-07-02-01-02-10.wav
disgust,ravdess\Actor_10\03-01-07-02-02-01-10.wav
disgust,ravdess\Actor_10\03-01-07-02-02-02-10.wav
surprised,ravdess\Actor_10\03-01-08-01-01-01-10.wav
surprised,ravdess\Actor_10\03-01-08-01-01-02-10.wav
surprised,ravdess\Actor_10\03-01-08-01-02-01-10.wav
surprised,ravdess\Actor_10\03-01-08-01-02-02-10.wav
surprised,ravdess\Actor_10\03-01-08-02-01-01-10.wav
surprised,ravdess\Actor_10\03-01-08-02-01-02-10.wav
surprised,ravdess\Actor_10\03-01-08-02-02-01-10.wav
surprised,ravdess\Actor_10\03-01-08-02-02-02-10.wav
neutral,ravdess\Actor_11\03-01-01-01-01-01-11.wav
neutral,ravdess\Actor_11\03-01-01-01-01-02-11.wav
neutral,ravdess\Actor_11\03-01-01-01-02-01-11.wav
neutral,ravdess\Actor_11\03-01-01-01-02-02-11.wav
happy,ravdess\Actor_11\03-01-03-01-01-01-11.wav
happy,ravdess\Actor_11\03-01-03-01-01-02-11.wav
happy,ravdess\Actor_11\03-01-03-01-02-01-11.wav
happy,ravdess\Actor_11\03-01-03-01-02-02-11.wav
happy,ravdess\Actor_11\03-01-03-02-01-01-11.wav
happy,ravdess\Actor_11\03-01-03-02-01-02-11.wav
happy,ravdess\Actor_11\03-01-03-02-02-01-11.wav
happy,ravdess\Actor_11\03-01-03-02-02-02-11.wav
sad,ravdess\Actor_11\03-01-04-01-01-01-11.wav
sad,ravdess\Actor_11\03-01-04-01-01-02-11.wav
sad,ravdess\Actor_11\03-01-04-01-02-01-11.wav
sad,ravdess\Actor_11\03-01-04-01-02-02-11.wav
sad,ravdess\Actor_11\03-01-04-02-01-01-11.wav
sad,ravdess\Actor_11\03-01-04-02-01-02-11.wav
sad,ravdess\Actor_11\03-01-04-02-02-01-11.wav
sad,ravdess\Actor_11\03-01-04-02-02-02-11.wav
angry,ravdess\Actor_11\03-01-05-01-01-01-11.wav
angry,ravdess\Actor_11\03-01-05-01-01-02-11.wav
angry,ravdess\Actor_11\03-01-05-01-02-01-11.wav
angry,ravdess\Actor_11\03-01-05-01-02-02-11.wav
angry,ravdess\Actor_11\03-01-05-02-01-01-11.wav
angry,ravdess\Actor_11\03-01-05-02-01-02-11.wav
angry,ravdess\Actor_11\03-01-05-02-02-01-11.wav
angry,ravdess\Actor_11\03-01-05-02-02-02-11.wav
fearful,ravdess\Actor_11\03-01-06-01-01-01-11.wav
fearful,ravdess\Actor_11\03-01-06-01-01-02-11.wav
fearful,ravdess\Actor_11\03-01-06-01-02-01-11.wav
fearful,ravdess\Actor_11\03-01-06-01-02-02-11.wav
fearful,ravdess\Actor_11\03-01-06-02-01-01-11.wav
fearful,ravdess\Actor_11\03-01-06-02-01-02-11.wav
fearful,ravdess\Actor_11\03-01-06-02-02-01-11.wav
fearful,ravdess\Actor_11\03-01-06-02-02-02-11.wav
disgust,ravdess\Actor_11\03-01-07-01-01-01-11.wav
disgust,ravdess\Actor_11\03-01-07-01-01-02-11.wav
disgust,ravdess\Actor_11\03-01-07-01-02-01-11.wav
disgust,ravdess\Actor_11\03-01-07-01-02-02-11.wav
disgust,ravdess\Actor_11\03-01-07-02-01-01-11.wav
disgust,ravdess\Actor_11\03-01-07-02-01-02-11.wav
disgust,ravdess\Actor_11\03-01-07-02-02-01-11.wav
disgust,ravdess\Actor_11\03-01-07-02-02-02-11.wav
surprised,ravdess\Actor_11\03-01-08-01-01-01-11.wav
surprised,ravdess\Actor_11\03-01-08-01-01-02-11.wav
surprised,ravdess\Actor_11\03-01-08-01-02-01-11.wav
surprised,ravdess\Actor_11\03-01-08-01-02-02-11.wav
surprised,ravdess\Actor_11\03-01-08-02-01-01-11.wav
surprised,ravdess\Actor_11\03-01-08-02-01-02-11.wav
surprised,ravdess\Actor_11\03-01-08-02-02-01-11.wav
surprised,ravdess\Actor_11\03-01-08-02-02-02-11.wav
neutral,ravdess\Actor_12\03-01-01-01-01-01-12.wav
neutral,ravdess\Actor_12\03-01-01-01-01-02-12.wav
neutral,ravdess\Actor_12\03-01-01-01-02-01-12.wav
neutral,ravdess\Actor_12\03-01-01-01-02-02-12.wav
happy,ravdess\Actor_12\03-01-03-01-01-01-12.wav
happy,ravdess\Actor_12\03-01-03-01-01-02-12.wav
happy,ravdess\Actor_12\03-01-03-01-02-01-12.wav
happy,ravdess\Actor_12\03-01-03-01-02-02-12.wav
happy,ravdess\Actor_12\03-01-03-02-01-01-12.wav
happy,ravdess\Actor_12\03-01-03-02-01-02-12.wav
happy,ravdess\Actor_12\03-01-03-02-02-01-12.wav
happy,ravdess\Actor_12\03-01-03-02-02-02-12.wav
sad,ravdess\Actor_12\03-01-04-01-01-01-12.wav
sad,ravdess\Actor_12\03-01-04-01-01-02-12.wav
sad,ravdess\Actor_12\03-01-04-01-02-01-12.wav
sad,ravdess\Actor_12\03-01-04-01-02-02-12.wav
sad,ravdess\Actor_12\03-01-04-02-01-01-12.wav
sad,ravdess\Actor_12\03-01-04-02-01-02-12.wav
sad,ravdess\Actor_12\03-01-04-02-02-01-12.wav
sad,ravdess\Actor_12\03-01-04-02-02-02-12.wav
angry,ravdess\Actor_12\03-01-05-01-01-01-12.wav
angry,ravdess\Actor_12\03-01-05-01-01-02-12.wav
angry,ravdess\Actor_12\03-01-05-01-02-01-12.wav
angry,ravdess\Actor_12\03-01-05-01-02-02-12.wav
angry,ravdess\Actor_12\03-01-05-02-01-01-12.wav
angry,ravdess\Actor_12\03-01-05-02-01-02-12.wav
angry,ravdess\Actor_12\03-01-05-02-02-01-12.wav
angry,ravdess\Actor_12\03-01-05-02-02-02-12.wav
fearful,ravdess\Actor_12\03-01-06-01-01-01-12.wav
fearful,ravdess\Actor_12\03-01-06-01-01-02-12.wav
fearful,ravdess\Actor_12\03-01-06-01-02-01-12.wav
fearful,ravdess\Actor_12\03-01-06-01-02-02-12.wav
fearful,ravdess\Actor_12\03-01-06-02-01-01-12.wav
fearful,ravdess\Actor_12\03-01-06-02-01-02-12.wav
fearful,ravdess\Actor_12\03-01-06-02-02-01-12.wav
fearful,ravdess\Actor_12\03-01-06-02-02-02-12.wav
disgust,ravdess\Actor_12\03-01-07-01-01-01-12.wav
disgust,ravdess\Actor_12\03-01-07-01-01-02-12.wav
disgust,ravdess\Actor_12\03-01-07-01-02-01-12.wav
disgust,ravdess\Actor_12\03-01-07-01-02-02-12.wav
disgust,ravdess\Actor_12\03-01-07-02-01-01-12.wav
disgust,ravdess\Actor_12\03-01-07-02-01-02-12.wav
disgust,ravdess\Actor_12\03-01-07-02-02-01-12.wav
disgust,ravdess\Actor_12\03-01-07-02-02-02-12.wav
surprised,ravdess\Actor_12\03-01-08-01-01-01-12.wav
surprised,ravdess\Actor_12\03-01-08-01-01-02-12.wav
surprised,ravdess\Actor_12\03-01-08-01-02-01-12.wav
surprised,ravdess\Actor_12\03-01-08-01-02-02-12.wav
surprised,ravdess\Actor_12\03-01-08-02-01-01-12.wav
surprised,ravdess\Actor_12\03-01-08-02-01-02-12.wav
surprised,ravdess\Actor_12\03-01-08-02-02-01-12.wav
surprised,ravdess\Actor_12\03-01-08-02-02-02-12.wav
neutral,ravdess\Actor_13\03-01-01-01-01-01-13.wav
neutral,ravdess\Actor_13\03-01-01-01-01-02-13.wav
neutral,ravdess\Actor_13\03-01-01-01-02-01-13.wav
neutral,ravdess\Actor_13\03-01-01-01-02-02-13.wav
happy,ravdess\Actor_13\03-01-03-01-01-01-13.wav
happy,ravdess\Actor_13\03-01-03-01-01-02-13.wav
happy,ravdess\Actor_13\03-01-03-01-02-01-13.wav
happy,ravdess\Actor_13\03-01-03-01-02-02-13.wav
happy,ravdess\Actor_13\03-01-03-02-01-01-13.wav
happy,ravdess\Actor_13\03-01-03-02-01-02-13.wav
happy,ravdess\Actor_13\03-01-03-02-02-01-13.wav
happy,ravdess\Actor_13\03-01-03-02-02-02-13.wav
sad,ravdess\Actor_13\03-01-04-01-01-01-13.wav
sad,ravdess\Actor_13\03-01-04-01-01-02-13.wav
sad,ravdess\Actor_13\03-01-04-01-02-01-13.wav
sad,ravdess\Actor_13\03-01-04-01-02-02-13.wav
sad,ravdess\Actor_13\03-01-04-02-01-01-13.wav
sad,ravdess\Actor_13\03-01-04-02-01-02-13.wav
sad,ravdess\Actor_13\03-01-04-02-02-01-13.wav
sad,ravdess\Actor_13\03-01-04-02-02-02-13.wav
angry,ravdess\Actor_13\03-01-05-01-01-01-13.wav
angry,ravdess\Actor_13\03-01-05-01-01-02-13.wav
angry,ravdess\Actor_13\03-01-05-01-02-01-13.wav
angry,ravdess\Actor_13\03-01-05-01-02-02-13.wav
angry,ravdess\Actor_13\03-01-05-02-01-01-13.wav
angry,ravdess\Actor_13\03-01-05-02-01-02-13.wav
angry,ravdess\Actor_13\03-01-05-02-02-01-13.wav
angry,ravdess\Actor_13\03-01-05-02-02-02-13.wav
fearful,ravdess\Actor_13\03-01-06-01-01-01-13.wav
fearful,ravdess\Actor_13\03-01-06-01-01-02-13.wav
fearful,ravdess\Actor_13\03-01-06-01-02-01-13.wav
fearful,ravdess\Actor_13\03-01-06-01-02-02-13.wav
fearful,ravdess\Actor_13\03-01-06-02-01-01-13.wav
fearful,ravdess\Actor_13\03-01-06-02-01-02-13.wav
fearful,ravdess\Actor_13\03-01-06-02-02-01-13.wav
fearful,ravdess\Actor_13\03-01-06-02-02-02-13.wav
disgust,ravdess\Actor_13\03-01-07-01-01-01-13.wav
disgust,ravdess\Actor_13\03-01-07-01-01-02-13.wav
disgust,ravdess\Actor_13\03-01-07-01-02-01-13.wav
disgust,ravdess\Actor_13\03-01-07-01-02-02-13.wav
disgust,ravdess\Actor_13\03-01-07-02-01-01-13.wav
disgust,ravdess\Actor_13\03-01-07-02-01-02-13.wav
disgust,ravdess\Actor_13\03-01-07-02-02-01-13.wav
disgust,ravdess\Actor_13\03-01-07-02-02-02-13.wav
surprised,ravdess\Actor_13\03-01-08-01-01-01-13.wav
surprised,ravdess\Actor_13\03-01-08-01-01-02-13.wav
surprised,ravdess\Actor_13\03-01-08-01-02-01-13.wav
surprised,ravdess\Actor_13\03-01-08-01-02-02-13.wav
surprised,ravdess\Actor_13\03-01-08-02-01-01-13.wav
surprised,ravdess\Actor_13\03-01-08-02-01-02-13.wav
surprised,ravdess\Actor_13\03-01-08-02-02-01-13.wav
surprised,ravdess\Actor_13\03-01-08-02-02-02-13.wav
neutral,ravdess\Actor_14\03-01-01-01-01-01-14.wav
neutral,ravdess\Actor_14\03-01-01-01-01-02-14.wav
neutral,ravdess\Actor_14\03-01-01-01-02-01-14.wav
neutral,ravdess\Actor_14\03-01-01-01-02-02-14.wav
happy,ravdess\Actor_14\03-01-03-01-01-01-14.wav
happy,ravdess\Actor_14\03-01-03-01-01-02-14.wav
happy,ravdess\Actor_14\03-01-03-01-02-01-14.wav
happy,ravdess\Actor_14\03-01-03-01-02-02-14.wav
happy,ravdess\Actor_14\03-01-03-02-01-01-14.wav
happy,ravdess\Actor_14\03-01-03-02-01-02-14.wav
happy,ravdess\Actor_14\03-01-03-02-02-01-14.wav
happy,ravdess\Actor_14\03-01-03-02-02-02-14.wav
sad,ravdess\Actor_14\03-01-04-01-01-01-14.wav
sad,ravdess\Actor_14\03-01-04-01-01-02-14.wav
sad,ravdess\Actor_14\03-01-04-01-02-01-14.wav
sad,ravdess\Actor_14\03-01-04-01-02-02-14.wav
sad,ravdess\Actor_14\03-01-04-02-01-01-14.wav
sad,ravdess\Actor_14\03-01-04-02-01-02-14.wav
sad,ravdess\Actor_14\03-01-04-02-02-01-14.wav
sad,ravdess\Actor_14\03-01-04-02-02-02-14.wav
angry,ravdess\Actor_14\03-01-05-01-01-01-14.wav
angry,ravdess\Actor_14\03-01-05-01-01-02-14.wav
angry,ravdess\Actor_14\03-01-05-01-02-01-14.wav
angry,ravdess\Actor_14\03-01-05-01-02-02-14.wav
angry,ravdess\Actor_14\03-01-05-02-01-01-14.wav
angry,ravdess\Actor_14\03-01-05-02-01-02-14.wav
angry,ravdess\Actor_14\03-01-05-02-02-01-14.wav
angry,ravdess\Actor_14\03-01-05-02-02-02-14.wav
fearful,ravdess\Actor_14\03-01-06-01-01-01-14.wav
fearful,ravdess\Actor_14\03-01-06-01-01-02-14.wav
fearful,ravdess\Actor_14\03-01-06-01-02-01-14.wav
fearful,ravdess\Actor_14\03-01-06-01-02-02-14.wav
fearful,ravdess\Actor_14\03-01-06-02-01-01-14.wav
fearful,ravdess\Actor_14\03-01-06-02-01-02-14.wav
fearful,ravdess\Actor_14\03-01-06-02-02-01-14.wav
fearful,ravdess\Actor_14\03-01-06-02-02-02-14.wav
disgust,ravdess\Actor_14\03-01-07-01-01-01-14.wav
disgust,ravdess\Actor_14\03-01-07-01-01-02-14.wav
disgust,ravdess\Actor_14\03-01-07-01-02-01-14.wav
disgust,ravdess\Actor_14\03-01-07-01-02-02-14.wav
disgust,ravdess\Actor_14\03-01-07-02-01-01-14.wav
disgust,ravdess\Actor_14\03-01-07-02-01-02-14.wav
disgust,ravdess\Actor_14\03-01-07-02-02-01-14.wav
disgust,ravdess\Actor_14\03-01-07-02-02-02-14.wav
surprised,ravdess\Actor_14\03-01-08-01-01-01-14.wav
surprised,ravdess\Actor_14\03-01-08-01-01-02-14.wav
surprised,ravdess\Actor_14\03-01-08-01-02-01-14.wav
surprised,ravdess\Actor_14\03-01-08-01-02-02-14.wav
surprised,ravdess\Actor_14\03-01-08-02-01-01-14.wav
surprised,ravdess\Actor_14\03-01-08-02-01-02-14.wav
surprised,ravdess\Actor_14\03-01-08-02-02-01-14.wav
surprised,ravdess\Actor_14\03-01-08-02-02-02-14.wav
neutral,ravdess\Actor_15\03-01-01-01-01-01-15.wav
neutral,ravdess\Actor_15\03-01-01-01-01-02-15.wav
neutral,ravdess\Actor_15\03-01-01-01-02-01-15.wav
neutral,ravdess\Actor_15\03-01-01-01-02-02-15.wav
happy,ravdess\Actor_15\03-01-03-01-01-01-15.wav
happy,ravdess\Actor_15\03-01-03-01-01-02-15.wav
happy,ravdess\Actor_15\03-01-03-01-02-01-15.wav
happy,ravdess\Actor_15\03-01-03-01-02-02-15.wav
happy,ravdess\Actor_15\03-01-03-02-01-01-15.wav
happy,ravdess\Actor_15\03-01-03-02-01-02-15.wav
happy,ravdess\Actor_15\03-01-03-02-02-01-15.wav
happy,ravdess\Actor_15\03-01-03-02-02-02-15.wav
sad,ravdess\Actor_15\03-01-04-01-01-01-15.wav
sad,ravdess\Actor_15\03-01-04-01-01-02-15.wav
sad,ravdess\Actor_15\03-01-04-01-02-01-15.wav
sad,ravdess\Actor_15\03-01-04-01-02-02-15.wav
sad,ravdess\Actor_15\03-01-04-02-01-01-15.wav
sad,ravdess\Actor_15\03-01-04-02-01-02-15.wav
sad,ravdess\Actor_15\03-01-04-02-02-01-15.wav
sad,ravdess\Actor_15\03-01-04-02-02-02-15.wav
angry,ravdess\Actor_15\03-01-05-01-01-01-15.wav
angry,ravdess\Actor_15\03-01-05-01-01-02-15.wav
angry,ravdess\Actor_15\03-01-05-01-02-01-15.wav
angry,ravdess\Actor_15\03-01-05-01-02-02-15.wav
angry,ravdess\Actor_15\03-01-05-02-01-01-15.wav
angry,ravdess\Actor_15\03-01-05-02-01-02-15.wav
angry,ravdess\Actor_15\03-01-05-02-02-01-15.wav
angry,ravdess\Actor_15\03-01-05-02-02-02-15.wav
fearful,ravdess\Actor_15\03-01-06-01-01-01-15.wav
fearful,ravdess\Actor_15\03-01-06-01-01-02-15.wav
fearful,ravdess\Actor_15\03-01-06-01-02-01-15.wav
fearful,ravdess\Actor_15\03-01-06-01-02-02-15.wav
fearful,ravdess\Actor_15\03-01-06-02-01-01-15.wav
fearful,ravdess\Actor_15\03-01-06-02-01-02-15.wav
fearful,ravdess\Actor_15\03-01-06-02-02-01-15.wav
fearful,ravdess\Actor_15\03-01-06-02-02-02-15.wav
disgust,ravdess\Actor_15\03-01-07-01-01-01-15.wav
disgust,ravdess\Actor_15\03-01-07-01-01-02-15.wav
disgust,ravdess\Actor_15\03-01-07-01-02-01-15.wav
disgust,ravdess\Actor_15\03-01-07-01-02-02-15.wav
disgust,ravdess\Actor_15\03-01-07-02-01-01-15.wav
disgust,ravdess\Actor_15\03-01-07-02-01-02-15.wav
disgust,ravdess\Actor_15\03-01-07-02-02-01-15.wav
disgust,ravdess\Actor_15\03-01-07-02-02-02-15.wav
surprised,ravdess\Actor_15\03-01-08-01-01-01-15.wav
surprised,ravdess\Actor_15\03-01-08-01-01-02-15.wav
surprised,ravdess\Actor_15\03-01-08-01-02-01-15.wav
surprised,ravdess\Actor_15\03-01-08-01-02-02-15.wav
surprised,ravdess\Actor_15\03-01-08-02-01-01-15.wav
surprised,ravdess\Actor_15\03-01-08-02-01-02-15.wav
surprised,ravdess\Actor_15\03-01-08-02-02-01-15.wav
surprised,ravdess\Actor_15\03-01-08-02-02-02-15.wav
neutral,ravdess\Actor_16\03-01-01-01-01-01-16.wav
neutral,ravdess\Actor_16\03-01-01-01-01-02-16.wav
neutral,ravdess\Actor_16\03-01-01-01-02-01-16.wav
neutral,ravdess\Actor_16\03-01-01-01-02-02-16.wav
happy,ravdess\Actor_16\03-01-03-01-01-01-16.wav
happy,ravdess\Actor_16\03-01-03-01-01-02-16.wav
happy,ravdess\Actor_16\03-01-03-01-02-01-16.wav
happy,ravdess\Actor_16\03-01-03-01-02-02-16.wav
happy,ravdess\Actor_16\03-01-03-02-01-01-16.wav
happy,ravdess\Actor_16\03-01-03-02-01-02-16.wav
happy,ravdess\Actor_16\03-01-03-02-02-01-16.wav
happy,ravdess\Actor_16\03-01-03-02-02-02-16.wav
sad,ravdess\Actor_16\03-01-04-01-01-01-16.wav
sad,ravdess\Actor_16\03-01-04-01-01-02-16.wav
sad,ravdess\Actor_16\03-01-04-01-02-01-16.wav
sad,ravdess\Actor_16\03-01-04-01-02-02-16.wav
sad,ravdess\Actor_16\03-01-04-02-01-01-16.wav
sad,ravdess\Actor_16\03-01-04-02-01-02-16.wav
sad,ravdess\Actor_16\03-01-04-02-02-01-16.wav
sad,ravdess\Actor_16\03-01-04-02-02-02-16.wav
angry,ravdess\Actor_16\03-01-05-01-01-01-16.wav
angry,ravdess\Actor_16\03-01-05-01-01-02-16.wav
angry,ravdess\Actor_16\03-01-05-01-02-01-16.wav
angry,ravdess\Actor_16\03-01-05-01-02-02-16.wav
angry,ravdess\Actor_16\03-01-05-02-01-01-16.wav
angry,ravdess\Actor_16\03-01-05-02-01-02-16.wav
angry,ravdess\Actor_16\03-01-05-02-02-01-16.wav
angry,ravdess\Actor_16\03-01-05-02-02-02-16.wav
fearful,ravdess\Actor_16\03-01-06-01-01-01-16.wav
fearful,ravdess\Actor_16\03-01-06-01-01-02-16.wav
fearful,ravdess\Actor_16\03-01-06-01-02-01-16.wav
fearful,ravdess\Actor_16\03-01-06-01-02-02-16.wav
fearful,ravdess\Actor_16\03-01-06-02-01-01-16.wav
fearful,ravdess\Actor_16\03-01-06-02-01-02-16.wav
fearful,ravdess\Actor_16\03-01-06-02-02-01-16.wav
fearful,ravdess\Actor_16\03-01-06-02-02-02-16.wav
disgust,ravdess\Actor_16\03-01-07-01-01-01-16.wav
disgust,ravdess\Actor_16\03-01-07-01-01-02-16.wav
disgust,ravdess\Actor_16\03-01-07-01-02-01-16.wav
disgust,ravdess\Actor_16\03-01-07-01-02-02-16.wav
disgust,ravdess\Actor_16\03-01-07-02-01-01-16.wav
disgust,ravdess\Actor_16\03-01-07-02-01-02-16.wav
disgust,ravdess\Actor_16\03-01-07-02-02-01-16.wav
disgust,ravdess\Actor_16\03-01-07-02-02-02-16.wav
surprised,ravdess\Actor_16\03-01-08-01-01-01-16.wav
surprised,ravdess\Actor_16\03-01-08-01-01-02-16.wav
surprised,ravdess\Actor_16\03-01-08-01-02-01-16.wav
surprised,ravdess\Actor_16\03-01-08-01-02-02-16.wav
surprised,ravdess\Actor_16\03-01-08-02-01-01-16.wav
surprised,ravdess\Actor_16\03-01-08-02-01-02-16.wav
surprised,ravdess\Actor_16\03-01-08-02-02-01-16.wav
surprised,ravdess\Actor_16\03-01-08-02-02-02-16.wav
neutral,ravdess\Actor_17\03-01-01-01-01-01-17.wav
neutral,ravdess\Actor_17\03-01-01-01-01-02-17.wav
neutral,ravdess\Actor_17\03-01-01-01-02-01-17.wav
neutral,ravdess\Actor_17\03-01-01-01-02-02-17.wav
happy,ravdess\Actor_17\03-01-03-01-01-01-17.wav
happy,ravdess\Actor_17\03-01-03-01-01-02-17.wav
happy,ravdess\Actor_17\03-01-03-01-02-01-17.wav
happy,ravdess\Actor_17\03-01-03-01-02-02-17.wav
happy,ravdess\Actor_17\03-01-03-02-01-01-17.wav
happy,ravdess\Actor_17\03-01-03-02-01-02-17.wav
happy,ravdess\Actor_17\03-01-03-02-02-01-17.wav
happy,ravdess\Actor_17\03-01-03-02-02-02-17.wav
sad,ravdess\Actor_17\03-01-04-01-01-01-17.wav
sad,ravdess\Actor_17\03-01-04-01-01-02-17.wav
sad,ravdess\Actor_17\03-01-04-01-02-01-17.wav
sad,ravdess\Actor_17\03-01-04-01-02-02-17.wav
sad,ravdess\Actor_17\03-01-04-02-01-01-17.wav
sad,ravdess\Actor_17\03-01-04-02-01-02-17.wav
sad,ravdess\Actor_17\03-01-04-02-02-01-17.wav
sad,ravdess\Actor_17\03-01-04-02-02-02-17.wav
angry,ravdess\Actor_17\03-01-05-01-01-01-17.wav
angry,ravdess\Actor_17\03-01-05-01-01-02-17.wav
angry,ravdess\Actor_17\03-01-05-01-02-01-17.wav
angry,ravdess\Actor_17\03-01-05-01-02-02-17.wav
angry,ravdess\Actor_17\03-01-05-02-01-01-17.wav
angry,ravdess\Actor_17\03-01-05-02-01-02-17.wav
angry,ravdess\Actor_17\03-01-05-02-02-01-17.wav
angry,ravdess\Actor_17\03-01-05-02-02-02-17.wav
fearful,ravdess\Actor_17\03-01-06-01-01-01-17.wav
fearful,ravdess\Actor_17\03-01-06-01-01-02-17.wav
fearful,ravdess\Actor_17\03-01-06-01-02-01-17.wav
fearful,ravdess\Actor_17\03-01-06-01-02-02-17.wav
fearful,ravdess\Actor_17\03-01-06-02-01-01-17.wav
fearful,ravdess\Actor_17\03-01-06-02-01-02-17.wav
fearful,ravdess\Actor_17\03-01-06-02-02-01-17.wav
fearful,ravdess\Actor_17\03-01-06-02-02-02-17.wav
disgust,ravdess\Actor_17\03-01-07-01-01-01-17.wav
disgust,ravdess\Actor_17\03-01-07-01-01-02-17.wav
disgust,ravdess\Actor_17\03-01-07-01-02-01-17.wav
disgust,ravdess\Actor_17\03-01-07-01-02-02-17.wav
disgust,ravdess\Actor_17\03-01-07-02-01-01-17.wav
disgust,ravdess\Actor_17\03-01-07-02-01-02-17.wav
disgust,ravdess\Actor_17\03-01-07-02-02-01-17.wav
disgust,ravdess\Actor_17\03-01-07-02-02-02-17.wav
surprised,ravdess\Actor_17\03-01-08-01-01-01-17.wav
surprised,ravdess\Actor_17\03-01-08-01-01-02-17.wav
surprised,ravdess\Actor_17\03-01-08-01-02-01-17.wav
surprised,ravdess\Actor_17\03-01-08-01-02-02-17.wav
surprised,ravdess\Actor_17\03-01-08-02-01-01-17.wav
surprised,ravdess\Actor_17\03-01-08-02-01-02-17.wav
surprised,ravdess\Actor_17\03-01-08-02-02-01-17.wav
surprised,ravdess\Actor_17\03-01-08-02-02-02-17.wav
neutral,ravdess\Actor_18\03-01-01-01-01-01-18.wav
neutral,ravdess\Actor_18\03-01-01-01-01-02-18.wav
neutral,ravdess\Actor_18\03-01-01-01-02-01-18.wav
neutral,ravdess\Actor_18\03-01-01-01-02-02-18.wav
happy,ravdess\Actor_18\03-01-03-01-01-01-18.wav
happy,ravdess\Actor_18\03-01-03-01-01-02-18.wav
happy,ravdess\Actor_18\03-01-03-01-02-01-18.wav
happy,ravdess\Actor_18\03-01-03-01-02-02-18.wav
happy,ravdess\Actor_18\03-01-03-02-01-01-18.wav
happy,ravdess\Actor_18\03-01-03-02-01-02-18.wav
happy,ravdess\Actor_18\03-01-03-02-02-01-18.wav
happy,ravdess\Actor_18\03-01-03-02-02-02-18.wav
sad,ravdess\Actor_18\03-01-04-01-01-01-18.wav
sad,ravdess\Actor_18\03-01-04-01-01-02-18.wav
sad,ravdess\Actor_18\03-01-04-01-02-01-18.wav
sad,ravdess\Actor_18\03-01-04-01-02-02-18.wav
sad,ravdess\Actor_18\03-01-04-02-01-01-18.wav
sad,ravdess\Actor_18\03-01-04-02-01-02-18.wav
sad,ravdess\Actor_18\03-01-04-02-02-01-18.wav
sad,ravdess\Actor_18\03-01-04-02-02-02-18.wav
angry,ravdess\Actor_18\03-01-05-01-01-01-18.wav
angry,ravdess\Actor_18\03-01-05-01-01-02-18.wav
angry,ravdess\Actor_18\03-01-05-01-02-01-18.wav
angry,ravdess\Actor_18\03-01-05-01-02-02-18.wav
angry,ravdess\Actor_18\03-01-05-02-01-01-18.wav
angry,ravdess\Actor_18\03-01-05-02-01-02-18.wav
angry,ravdess\Actor_18\03-01-05-02-02-01-18.wav
angry,ravdess\Actor_18\03-01-05-02-02-02-18.wav
fearful,ravdess\Actor_18\03-01-06-01-01-01-18.wav
fearful,ravdess\Actor_18\03-01-06-01-01-02-18.wav
fearful,ravdess\Actor_18\03-01-06-01-02-01-18.wav
fearful,ravdess\Actor_18\03-01-06-01-02-02-18.wav
fearful,ravdess\Actor_18\03-01-06-02-01-01-18.wav
fearful,ravdess\Actor_18\03-01-06-02-01-02-18.wav
fearful,ravdess\Actor_18\03-01-06-02-02-01-18.wav
fearful,ravdess\Actor_18\03-01-06-02-02-02-18.wav
disgust,ravdess\Actor_18\03-01-07-01-01-01-18.wav
disgust,ravdess\Actor_18\03-01-07-01-01-02-18.wav
disgust,ravdess\Actor_18\03-01-07-01-02-01-18.wav
disgust,ravdess\Actor_18\03-01-07-01-02-02-18.wav
disgust,ravdess\Actor_18\03-01-07-02-01-01-18.wav
disgust,ravdess\Actor_18\03-01-07-02-01-02-18.wav
disgust,ravdess\Actor_18\03-01-07-02-02-01-18.wav
disgust,ravdess\Actor_18\03-01-07-02-02-02-18.wav
surprised,ravdess\Actor_18\03-01-08-01-01-01-18.wav
surprised,ravdess\Actor_18\03-01-08-01-01-02-18.wav
surprised,ravdess\Actor_18\03-01-08-01-02-01-18.wav
surprised,ravdess\Actor_18\03-01-08-01-02-02-18.wav
surprised,ravdess\Actor_18\03-01-08-02-01-01-18.wav
surprised,ravdess\Actor_18\03-01-08-02-01-02-18.wav
surprised,ravdess\Actor_18\03-01-08-02-02-01-18.wav
surprised,ravdess\Actor_18\03-01-08-02-02-02-18.wav
neutral,ravdess\Actor_19\03-01-01-01-01-01-19.wav
neutral,ravdess\Actor_19\03-01-01-01-01-02-19.wav
neutral,ravdess\Actor_19\03-01-01-01-02-01-19.wav
neutral,ravdess\Actor_19\03-01-01-01-02-02-19.wav
happy,ravdess\Actor_19\03-01-03-01-01-01-19.wav
happy,ravdess\Actor_19\03-01-03-01-01-02-19.wav
happy,ravdess\Actor_19\03-01-03-01-02-01-19.wav
happy,ravdess\Actor_19\03-01-03-01-02-02-19.wav
happy,ravdess\Actor_19\03-01-03-02-01-01-19.wav
happy,ravdess\Actor_19\03-01-03-02-01-02-19.wav
happy,ravdess\Actor_19\03-01-03-02-02-01-19.wav
happy,ravdess\Actor_19\03-01-03-02-02-02-19.wav
sad,ravdess\Actor_19\03-01-04-01-01-01-19.wav
sad,ravdess\Actor_19\03-01-04-01-01-02-19.wav
sad,ravdess\Actor_19\03-01-04-01-02-01-19.wav
sad,ravdess\Actor_19\03-01-04-01-02-02-19.wav
sad,ravdess\Actor_19\03-01-04-02-01-01-19.wav
sad,ravdess\Actor_19\03-01-04-02-01-02-19.wav
sad,ravdess\Actor_19\03-01-04-02-02-01-19.wav
sad,ravdess\Actor_19\03-01-04-02-02-02-19.wav
angry,ravdess\Actor_19\03-01-05-01-01-01-19.wav
angry,ravdess\Actor_19\03-01-05-01-01-02-19.wav
angry,ravdess\Actor_19\03-01-05-01-02-01-19.wav
angry,ravdess\Actor_19\03-01-05-01-02-02-19.wav
angry,ravdess\Actor_19\03-01-05-02-01-01-19.wav
angry,ravdess\Actor_19\03-01-05-02-01-02-19.wav
angry,ravdess\Actor_19\03-01-05-02-02-01-19.wav
angry,ravdess\Actor_19\03-01-05-02-02-02-19.wav
fearful,ravdess\Actor_19\03-01-06-01-01-01-19.wav
fearful,ravdess\Actor_19\03-01-06-01-01-02-19.wav
fearful,ravdess\Actor_19\03-01-06-01-02-01-19.wav
fearful,ravdess\Actor_19\03-01-06-01-02-02-19.wav
fearful,ravdess\Actor_19\03-01-06-02-01-01-19.wav
fearful,ravdess\Actor_19\03-01-06-02-01-02-19.wav
fearful,ravdess\Actor_19\03-01-06-02-02-01-19.wav
fearful,ravdess\Actor_19\03-01-06-02-02-02-19.wav
disgust,ravdess\Actor_19\03-01-07-01-01-01-19.wav
disgust,ravdess\Actor_19\03-01-07-01-01-02-19.wav
disgust,ravdess\Actor_19\03-01-07-01-02-01-19.wav
disgust,ravdess\Actor_19\03-01-07-01-02-02-19.wav
disgust,ravdess\Actor_19\03-01-07-02-01-01-19.wav
disgust,ravdess\Actor_19\03-01-07-02-01-02-19.wav
disgust,ravdess\Actor_19\03-01-07-02-02-01-19.wav
disgust,ravdess\Actor_19\03-01-07-02-02-02-19.wav
surprised,ravdess\Actor_19\03-01-08-01-01-01-19.wav
surprised,ravdess\Actor_19\03-01-08-01-01-02-19.wav
surprised,ravdess\Actor_19\03-01-08-01-02-01-19.wav
surprised,ravdess\Actor_19\03-01-08-01-02-02-19.wav
surprised,ravdess\Actor_19\03-01-08-02-01-01-19.wav
surprised,ravdess\Actor_19\03-01-08-02-01-02-19.wav
surprised,ravdess\Actor_19\03-01-08-02-02-01-19.wav
surprised,ravdess\Actor_19\03-01-08-02-02-02-19.wav
neutral,ravdess\Actor_20\03-01-01-01-01-01-20.wav
neutral,ravdess\Actor_20\03-01-01-01-01-02-20.wav
neutral,ravdess\Actor_20\03-01-01-01-02-01-20.wav
neutral,ravdess\Actor_20\03-01-01-01-02-02-20.wav
happy,ravdess\Actor_20\03-01-03-01-01-01-20.wav
happy,ravdess\Actor_20\03-01-03-01-01-02-20.wav
happy,ravdess\Actor_20\03-01-03-01-02-01-20.wav
happy,ravdess\Actor_20\03-01-03-01-02-02-20.wav
happy,ravdess\Actor_20\03-01-03-02-01-01-20.wav
happy,ravdess\Actor_20\03-01-03-02-01-02-20.wav
happy,ravdess\Actor_20\03-01-03-02-02-01-20.wav
happy,ravdess\Actor_20\03-01-03-02-02-02-20.wav
sad,ravdess\Actor_20\03-01-04-01-01-01-20.wav
sad,ravdess\Actor_20\03-01-04-01-01-02-20.wav
sad,ravdess\Actor_20\03-01-04-01-02-01-20.wav
sad,ravdess\Actor_20\03-01-04-01-02-02-20.wav
sad,ravdess\Actor_20\03-01-04-02-01-01-20.wav
sad,ravdess\Actor_20\03-01-04-02-01-02-20.wav
sad,ravdess\Actor_20\03-01-04-02-02-01-20.wav
sad,ravdess\Actor_20\03-01-04-02-02-02-20.wav
angry,ravdess\Actor_20\03-01-05-01-01-01-20.wav
angry,ravdess\Actor_20\03-01-05-01-01-02-20.wav
angry,ravdess\Actor_20\03-01-05-01-02-01-20.wav
angry,ravdess\Actor_20\03-01-05-01-02-02-20.wav
angry,ravdess\Actor_20\03-01-05-02-01-01-20.wav
angry,ravdess\Actor_20\03-01-05-02-01-02-20.wav
angry,ravdess\Actor_20\03-01-05-02-02-01-20.wav
angry,ravdess\Actor_20\03-01-05-02-02-02-20.wav
fearful,ravdess\Actor_20\03-01-06-01-01-01-20.wav
fearful,ravdess\Actor_20\03-01-06-01-01-02-20.wav
fearful,ravdess\Actor_20\03-01-06-01-02-01-20.wav
fearful,ravdess\Actor_20\03-01-06-01-02-02-20.wav
fearful,ravdess\Actor_20\03-01-06-02-01-01-20.wav
fearful,ravdess\Actor_20\03-01-06-02-01-02-20.wav
fearful,ravdess\Actor_20\03-01-06-02-02-01-20.wav
fearful,ravdess\Actor_20\03-01-06-02-02-02-20.wav
disgust,ravdess\Actor_20\03-01-07-01-01-01-20.wav
disgust,ravdess\Actor_20\03-01-07-01-01-02-20.wav
disgust,ravdess\Actor_20\03-01-07-01-02-01-20.wav
disgust,ravdess\Actor_20\03-01-07-01-02-02-20.wav
disgust,ravdess\Actor_20\03-01-07-02-01-01-20.wav
disgust,ravdess\Actor_20\03-01-07-02-01-02-20.wav
disgust,ravdess\Actor_20\03-01-07-02-02-01-20.wav
disgust,ravdess\Actor_20\03-01-07-02-02-02-20.wav
surprised,ravdess\Actor_20\03-01-08-01-01-01-20.wav
surprised,ravdess\Actor_20\03-01-08-01-01-02-20.wav
surprised,ravdess\Actor_20\03-01-08-01-02-01-20.wav
surprised,ravdess\Actor_20\03-01-08-01-02-02-20.wav
surprised,ravdess\Actor_20\03-01-08-02-01-01-20.wav
surprised,ravdess\Actor_20\03-01-08-02-01-02-20.wav
surprised,ravdess\Actor_20\03-01-08-02-02-01-20.wav
surprised,ravdess\Actor_20\03-01-08-02-02-02-20.wav
neutral,ravdess\Actor_21\03-01-01-01-01-01-21.wav
neutral,ravdess\Actor_21\03-01-01-01-01-02-21.wav
neutral,ravdess\Actor_21\03-01-01-01-02-01-21.wav
neutral,ravdess\Actor_21\03-01-01-01-02-02-21.wav
happy,ravdess\Actor_21\03-01-03-01-01-01-21.wav
happy,ravdess\Actor_21\03-01-03-01-01-02-21.wav
happy,ravdess\Actor_21\03-01-03-01-02-01-21.wav
happy,ravdess\Actor_21\03-01-03-01-02-02-21.wav
happy,ravdess\Actor_21\03-01-03-02-01-01-21.wav
happy,ravdess\Actor_21\03-01-03-02-01-02-21.wav
happy,ravdess\Actor_21\03-01-03-02-02-01-21.wav
happy,ravdess\Actor_21\03-01-03-02-02-02-21.wav
sad,ravdess\Actor_21\03-01-04-01-01-01-21.wav
sad,ravdess\Actor_21\03-01-04-01-01-02-21.wav
sad,ravdess\Actor_21\03-01-04-01-02-01-21.wav
sad,ravdess\Actor_21\03-01-04-01-02-02-21.wav
sad,ravdess\Actor_21\03-01-04-02-01-01-21.wav
sad,ravdess\Actor_21\03-01-04-02-01-02-21.wav
sad,ravdess\Actor_21\03-01-04-02-02-01-21.wav
sad,ravdess\Actor_21\03-01-04-02-02-02-21.wav
angry,ravdess\Actor_21\03-01-05-01-01-01-21.wav
angry,ravdess\Actor_21\03-01-05-01-01-02-21.wav
angry,ravdess\Actor_21\03-01-05-01-02-01-21.wav
angry,ravdess\Actor_21\03-01-05-01-02-02-21.wav
angry,ravdess\Actor_21\03-01-05-02-01-01-21.wav
angry,ravdess\Actor_21\03-01-05-02-01-02-21.wav
angry,ravdess\Actor_21\03-01-05-02-02-01-21.wav
angry,ravdess\Actor_21\03-01-05-02-02-02-21.wav
fearful,ravdess\Actor_21\03-01-06-01-01-01-21.wav
fearful,ravdess\Actor_21\03-01-06-01-01-02-21.wav
fearful,ravdess\Actor_21\03-01-06-01-02-01-21.wav
fearful,ravdess\Actor_21\03-01-06-01-02-02-21.wav
fearful,ravdess\Actor_21\03-01-06-02-01-01-21.wav
fearful,ravdess\Actor_21\03-01-06-02-01-02-21.wav
fearful,ravdess\Actor_21\03-01-06-02-02-01-21.wav
fearful,ravdess\Actor_21\03-01-06-02-02-02-21.wav
disgust,ravdess\Actor_21\03-01-07-01-01-01-21.wav
disgust,ravdess\Actor_21\03-01-07-01-01-02-21.wav
disgust,ravdess\Actor_21\03-01-07-01-02-01-21.wav
disgust,ravdess\Actor_21\03-01-07-01-02-02-21.wav
disgust,ravdess\Actor_21\03-01-07-02-01-01-21.wav
disgust,ravdess\Actor_21\03-01-07-02-01-02-21.wav
disgust,ravdess\Actor_21\03-01-07-02-02-01-21.wav
disgust,ravdess\Actor_21\03-01-07-02-02-02-21.wav
surprised,ravdess\Actor_21\03-01-08-01-01-01-21.wav
surprised,ravdess\Actor_21\03-01-08-01-01-02-21.wav
surprised,ravdess\Actor_21\03-01-08-01-02-01-21.wav
surprised,ravdess\Actor_21\03-01-08-01-02-02-21.wav
surprised,ravdess\Actor_21\03-01-08-02-01-01-21.wav
surprised,ravdess\Actor_21\03-01-08-02-01-02-21.wav
surprised,ravdess\Actor_21\03-01-08-02-02-01-21.wav
surprised,ravdess\Actor_21\03-01-08-02-02-02-21.wav
neutral,ravdess\Actor_22\03-01-01-01-01-01-22.wav
neutral,ravdess\Actor_22\03-01-01-01-01-02-22.wav
neutral,ravdess\Actor_22\03-01-01-01-02-01-22.wav
neutral,ravdess\Actor_22\03-01-01-01-02-02-22.wav
happy,ravdess\Actor_22\03-01-03-01-01-01-22.wav
happy,ravdess\Actor_22\03-01-03-01-01-02-22.wav
happy,ravdess\Actor_22\03-01-03-01-02-01-22.wav
happy,ravdess\Actor_22\03-01-03-01-02-02-22.wav
happy,ravdess\Actor_22\03-01-03-02-01-01-22.wav
happy,ravdess\Actor_22\03-01-03-02-01-02-22.wav
happy,ravdess\Actor_22\03-01-03-02-02-01-22.wav
happy,ravdess\Actor_22\03-01-03-02-02-02-22.wav
sad,ravdess\Actor_22\03-01-04-01-01-01-22.wav
sad,ravdess\Actor_22\03-01-04-01-01-02-22.wav
sad,ravdess\Actor_22\03-01-04-01-02-01-22.wav
sad,ravdess\Actor_22\03-01-04-01-02-02-22.wav
sad,ravdess\Actor_22\03-01-04-02-01-01-22.wav
sad,ravdess\Actor_22\03-01-04-02-01-02-22.wav
sad,ravdess\Actor_22\03-01-04-02-02-01-22.wav
sad,ravdess\Actor_22\03-01-04-02-02-02-22.wav
angry,ravdess\Actor_22\03-01-05-01-01-01-22.wav
angry,ravdess\Actor_22\03-01-05-01-01-02-22.wav
angry,ravdess\Actor_22\03-01-05-01-02-01-22.wav
angry,ravdess\Actor_22\03-01-05-01-02-02-22.wav
angry,ravdess\Actor_22\03-01-05-02-01-01-22.wav
angry,ravdess\Actor_22\03-01-05-02-01-02-22.wav
angry,ravdess\Actor_22\03-01-05-02-02-01-22.wav
angry,ravdess\Actor_22\03-01-05-02-02-02-22.wav
fearful,ravdess\Actor_22\03-01-06-01-01-01-22.wav
fearful,ravdess\Actor_22\03-01-06-01-01-02-22.wav
fearful,ravdess\Actor_22\03-01-06-01-02-01-22.wav
fearful,ravdess\Actor_22\03-01-06-01-02-02-22.wav
fearful,ravdess\Actor_22\03-01-06-02-01-01-22.wav
fearful,ravdess\Actor_22\03-01-06-02-01-02-22.wav
fearful,ravdess\Actor_22\03-01-06-02-02-01-22.wav
fearful,ravdess\Actor_22\03-01-06-02-02-02-22.wav
disgust,ravdess\Actor_22\03-01-07-01-01-01-22.wav
disgust,ravdess\Actor_22\03-01-07-01-01-02-22.wav
disgust,ravdess\Actor_22\03-01-07-01-02-01-22.wav
disgust,ravdess\Actor_22\03-01-07-01-02-02-22.wav
disgust,ravdess\Actor_22\03-01-07-02-01-01-22.wav
disgust,ravdess\Actor_22\03-01-07-02-01-02-22.wav
disgust,ravdess\Actor_22\03-01-07-02-02-01-22.wav
disgust,ravdess\Actor_22\03-01-07-02-02-02-22.wav
surprised,ravdess\Actor_22\03-01-08-01-01-01-22.wav
surprised,ravdess\Actor_22\03-01-08-01-01-02-22.wav
surprised,ravdess\Actor_22\03-01-08-01-02-01-22.wav
surprised,ravdess\Actor_22\03-01-08-01-02-02-22.wav
surprised,ravdess\Actor_22\03-01-08-02-01-01-22.wav
surprised,ravdess\Actor_22\03-01-08-02-01-02-22.wav
surprised,ravdess\Actor_22\03-01-08-02-02-01-22.wav
surprised,ravdess\Actor_22\03-01-08-02-02-02-22.wav
neutral,ravdess\Actor_23\03-01-01-01-01-01-23.wav
neutral,ravdess\Actor_23\03-01-01-01-01-02-23.wav
neutral,ravdess\Actor_23\03-01-01-01-02-01-23.wav
neutral,ravdess\Actor_23\03-01-01-01-02-02-23.wav
happy,ravdess\Actor_23\03-01-03-01-01-01-23.wav
happy,ravdess\Actor_23\03-01-03-01-01-02-23.wav
happy,ravdess\Actor_23\03-01-03-01-02-01-23.wav
happy,ravdess\Actor_23\03-01-03-01-02-02-23.wav
happy,ravdess\Actor_23\03-01-03-02-01-01-23.wav
happy,ravdess\Actor_23\03-01-03-02-01-02-23.wav
happy,ravdess\Actor_23\03-01-03-02-02-01-23.wav
happy,ravdess\Actor_23\03-01-03-02-02-02-23.wav
sad,ravdess\Actor_23\03-01-04-01-01-01-23.wav
sad,ravdess\Actor_23\03-01-04-01-01-02-23.wav
sad,ravdess\Actor_23\03-01-04-01-02-01-23.wav
sad,ravdess\Actor_23\03-01-04-01-02-02-23.wav
sad,ravdess\Actor_23\03-01-04-02-01-01-23.wav
sad,ravdess\Actor_23\03-01-04-02-01-02-23.wav
sad,ravdess\Actor_23\03-01-04-02-02-01-23.wav
sad,ravdess\Actor_23\03-01-04-02-02-02-23.wav
angry,ravdess\Actor_23\03-01-05-01-01-01-23.wav
angry,ravdess\Actor_23\03-01-05-01-01-02-23.wav
angry,ravdess\Actor_23\03-01-05-01-02-01-23.wav
angry,ravdess\Actor_23\03-01-05-01-02-02-23.wav
angry,ravdess\Actor_23\03-01-05-02-01-01-23.wav
angry,ravdess\Actor_23\03-01-05-02-01-02-23.wav
angry,ravdess\Actor_23\03-01-05-02-02-01-23.wav
angry,ravdess\Actor_23\03-01-05-02-02-02-23.wav
fearful,ravdess\Actor_23\03-01-06-01-01-01-23.wav
fearful,ravdess\Actor_23\03-01-06-01-01-02-23.wav
fearful,ravdess\Actor_23\03-01-06-01-02-01-23.wav
fearful,ravdess\Actor_23\03-01-06-01-02-02-23.wav
fearful,ravdess\Actor_23\03-01-06-02-01-01-23.wav
fearful,ravdess\Actor_23\03-01-06-02-01-02-23.wav
fearful,ravdess\Actor_23\03-01-06-02-02-01-23.wav
fearful,ravdess\Actor_23\03-01-06-02-02-02-23.wav
disgust,ravdess\Actor_23\03-01-07-01-01-01-23.wav
disgust,ravdess\Actor_23\03-01-07-01-01-02-23.wav
disgust,ravdess\Actor_23\03-01-07-01-02-01-23.wav
disgust,ravdess\Actor_23\03-01-07-01-02-02-23.wav
disgust,ravdess\Actor_23\03-01-07-02-01-01-23.wav
disgust,ravdess\Actor_23\03-01-07-02-01-02-23.wav
disgust,ravdess\Actor_23\03-01-07-02-02-01-23.wav
disgust,ravdess\Actor_23\03-01-07-02-02-02-23.wav
surprised,ravdess\Actor_23\03-01-08-01-01-01-23.wav
surprised,ravdess\Actor_23\03-01-08-01-01-02-23.wav
surprised,ravdess\Actor_23\03-01-08-01-02-01-23.wav
surprised,ravdess\Actor_23\03-01-08-01-02-02-23.wav
surprised,ravdess\Actor_23\03-01-08-02-01-01-23.wav
surprised,ravdess\Actor_23\03-01-08-02-01-02-23.wav
surprised,ravdess\Actor_23\03-01-08-02-02-01-23.wav
surprised,ravdess\Actor_23\03-01-08-02-02-02-23.wav
neutral,ravdess\Actor_24\03-01-01-01-01-01-24.wav
neutral,ravdess\Actor_24\03-01-01-01-01-02-24.wav
neutral,ravdess\Actor_24\03-01-01-01-02-01-24.wav
neutral,ravdess\Actor_24\03-01-01-01-02-02-24.wav
happy,ravdess\Actor_24\03-01-03-01-01-01-24.wav
happy,ravdess\Actor_24\03-01-03-01-01-02-24.wav
happy,ravdess\Actor_24\03-01-03-01-02-01-24.wav
happy,ravdess\Actor_24\03-01-03-01-02-02-24.wav
happy,ravdess\Actor_24\03-01-03-02-01-01-24.wav
happy,ravdess\Actor_24\03-01-03-02-01-02-24.wav
happy,ravdess\Actor_24\03-01-03-02-02-01-24.wav
happy,ravdess\Actor_24\03-01-03-02-02-02-24.wav
sad,ravdess\Actor_24\03-01-04-01-01-01-24.wav
sad,ravdess\Actor_24\03-01-04-01-01-02-24.wav
sad,ravdess\Actor_24\03-01-04-01-02-01-24.wav
sad,ravdess\Actor_24\03-01-04-01-02-02-24.wav
sad,ravdess\Actor_24\03-01-04-02-01-01-24.wav
sad,ravdess\Actor_24\03-01-04-02-01-02-24.wav
sad,ravdess\Actor_24\03-01-04-02-02-01-24.wav
sad,ravdess\Actor_24\03-01-04-02-02-02-24.wav
angry,ravdess\Actor_24\03-01-05-01-01-01-24.wav
angry,ravdess\Actor_24\03-01-05-01-01-02-24.wav
angry,ravdess\Actor_24\03-01-05-01-02-01-24.wav
angry,ravdess\Actor_24\03-01-05-01-02-02-24.wav
angry,ravdess\Actor_24\03-01-05-02-01-01-24.wav
angry,ravdess\Actor_24\03-01-05-02-01-02-24.wav
angry,ravdess\Actor_24\03-01-05-02-02-01-24.wav
angry,ravdess\Actor_24\03-01-05-02-02-02-24.wav
fearful,ravdess\Actor_24\03-01-06-01-01-01-24.wav
fearful,ravdess\Actor_24\03-01-06-01-01-02-24.wav
fearful,ravdess\Actor_24\03-01-06-01-02-01-24.wav
fearful,ravdess\Actor_24\03-01-06-01-02-02-24.wav
fearful,ravdess\Actor_24\03-01-06-02-01-01-24.wav
fearful,ravdess\Actor_24\03-01-06-02-01-02-24.wav
fearful,ravdess\Actor_24\03-01-06-02-02-01-24.wav
fearful,ravdess\Actor_24\03-01-06-02-02-02-24.wav
disgust,ravdess\Actor_24\03-01-07-01-01-01-24.wav
disgust,ravdess\Actor_24\03-01-07-01-01-02-24.wav
disgust,ravdess\Actor_24\03-01-07-01-02-01-24.wav
disgust,ravdess\Actor_24\03-01-07-01-02-02-24.wav
disgust,ravdess\Actor_24\03-01-07-02-01-01-24.wav
disgust,ravdess\Actor_24\03-01-07-02-01-02-24.wav
disgust,ravdess\Actor_24\03-01-07-02-02-01-24.wav
disgust,ravdess\Actor_24\03-01-07-02-02-02-24.wav
surprised,ravdess\Actor_24\03-01-08-01-01-01-24.wav
surprised,ravdess\Actor_24\03-01-08-01-01-02-24.wav
surprised,ravdess\Actor_24\03-01-08-01-02-01-24.wav
surprised,ravdess\Actor_24\03-01-08-01-02-02-24.wav
surprised,ravdess\Actor_24\03-01-08-02-01-01-24.wav
surprised,ravdess\Actor_24\03-01-08-02-01-02-24.wav
surprised,ravdess\Actor_24\03-01-08-02-02-01-24.wav
surprised,ravdess\Actor_24\03-01-08-02-02-02-24.wav
